Workbook

Sheet Gantt
A1: * | C1: SEMANA | U1: TOTAL HORAS
A2: TAREA | C2: 45933 | D2: =C2+7 -> 45940 | E2: =D2+7 -> 45947 | F2: =E2+7 -> 45954 | G2: =F2+7 -> 45961 | H2: =G2+7 -> 45968 | I2: =H2+7 -> 45975 | J2: =I2+7 -> 45982 | K2: =J2+7 -> 45989 | ... S2: =R2+7 -> 46045 | U2: Planifs | V2: Reales | W2: Faltan/ Sobran
A3: T1 | B3: Ventana Principal | D3: 2 | V3: =SUM(HorasTotales!B2:R2) -> 14 | W3: =U3-V3 -> -14
A4: T2 | B4: Ventana Inicio Sesion - Registro | D4: 1 | E4: 1 | U4: =SUM(C4:S4) -> 2 | V4: =SUM(HorasTotales!B3:R3) -> 2 | W4: =U4-V4 -> 0
A5: T3 | B5: Clase cafeteria | E5: 1 | F5: 1 | G5: 1 | H5: 1 | U5: =SUM(C5:S5) -> 4 | V5: =SUM(HorasTotales!B4:R4) -> 3 | W5: =U5-V5 -> 1
A6: T4 | B6: Ventana Instalaciones | G6: 1 | H6: 1 | I6: 2 | U6: =SUM(C6:S6) -> 4 | V6: =SUM(HorasTotales!B5:R5) -> 4 | W6: =U6-V6 -> 0
A7: T5 | B7: Ventana tienda | I7: 2 | U7: =SUM(C7:S7) -> 2 | V7: =SUM(HorasTotales!B6:R6) -> 6 | W7: =U7-V7 -> -4
A8: T6 | B8: Ventana Carrito | H8: 1 | I8: 1 | U8: =SUM(C8:S8) -> 2 | V8: =SUM(HorasTotales!B7:R7) -> 6 | W8: =U8-V8 -> -4
A9: T7 | B9: Gestion de Usuarios | J9: 2 | U9: =SUM(C9:S9) -> 2 | V9: =SUM(HorasTotales!B8:R8) -> 0 | W9: =U9-V9 -> 2
A10: T8 | B10: Reserva de instalaciones | K10: 2 | L10: 2 | M10: 2 | U10: =SUM(C10:S10) -> 6 | V10: =SUM(HorasTotales!B9:R9) -> 4 | W10: =U10-V10 -> 2
A11: T9 | B11: Ventana Comida y Carrito | L11: 3 | U11: =SUM(C11:S11) -> 3 | V11: =SUM(HorasTotales!B10:R10) -> 3 | W11: =U11-V11 -> 0
A12: T10 | B12: Gestion reservas | N12: 3 | O12: 3 | U12: =SUM(C12:S12) -> 6 | V12: =SUM(HorasTotales!B11:R11) -> 3 | W12: =U12-V12 -> 3
A13: T11 | B13: Usuario admin + Tabla | I13: 2 | N13: 2 | O13: 3 | P13: 2 | U13: =SUM(C13:S13) -> 9 | V13: =SUM(HorasTotales!B12:R12) -> 3 | W13: =U13-V13 -> 6
A14: T12 | B14: Base de Datos DeustoClub | L14: 2 | M14: 2 | N14: 3 | O14: 3 | P14: 2 | Q14: 1 | U14: =SUM(C14:S14) -> 13 | V14: =SUM(HorasTotales!B13:R13) -> 22 | W14: =U14-V14 -> -9
A15: T13 | B15: Metodo Recursivo | M15: 2 | N15: 2 | U15: =SUM(C15:S15) -> 4 | V15: =SUM(HorasTotales!B14:R14) -> 5 | W15: =U15-V15 -> -1
A16: T14 | B16: Mejoras y Optimización de la Interfaz | I16: 4 | N16: 1 | O16: 1 | P16: 1 | Q16: 1 | U16: =SUM(C16:S16) -> 8 | V16: =SUM(HorasTotales!B15:R15) -> 9 | W16: =U16-V16 -> -1
A17: T15 | B17: Repaso y Comentarios del Codigo | M17: 1 | N17: 1 | O17: 1 | P17: 1 | U17: =SUM(F17:S17) -> 4 | V17: =SUM(HorasTotales!B16:R16) -> 2 | W17: =U17-V17 -> 2
A18: T16 | B18: Preparación y Presentación del Proyecto | P18: 2 | U18: =SUM(F18:S18) -> 2 | V18: =SUM(HorasTotales!B17:R17) -> 2 | W18: =U18-V18 -> 0
B19: TOTAL HORAS | C19: =SUM(C3:C16) -> 0 | D19: =SUM(D3:D16) -> 3 | E19: =SUM(E3:E16) -> 2 | F19: =SUM(F3:F16) -> 1 | G19: =SUM(G3:G16) -> 2 | H19: =SUM(H3:H16) -> 3 | I19: =SUM(I3:I16) -> 11 | J19: =SUM(J3:J16) -> 2 | ... Q19: =SUM(Q3:Q16) -> 2 | R19: =SUM(R3:R18) -> 0 | S19: =SUM(S3:S18) -> 0 | U19: =SUM(U3:U18) -> 71 | V19: =SUM(V3:V18) -> 88 | W19: =SUM(W3:W18) -> -17

Sheet HorasTotales
A1: Total | B1: =Gantt!C2 -> 45933 | C1: =B1+7 -> 45940 | D1: =C1+7 -> 45947 | E1: =D1+7 -> 45954 | F1: =E1+7 -> 45961 | G1: =F1+7 -> 45968 | H1: =G1+7 -> 45975 | I1: =H1+7 -> 45982 | J1: =I1+7 -> 45989 | ... R1: =Q1+7 -> 46045 | S1: TOTAL
A2: =Gantt!A3 -> T1 | B2: =Ismael!B2+'Alvaro dla Herran'!B2+Urien!B2+'Alvaro lpz de Ocariz'!B2 -> 0 | C2: =Ismael!C2+'Alvaro dla Herran'!C2+Urien!C2+'Alvaro lpz de Ocariz'!C2 -> 1 | D2: =Ismael!D2+'Alvaro dla Herran'!D2+Urien!D2+'Alvaro lpz de Ocariz'!D2 -> 3 | E2: =Ismael!E2+'Alvaro dla Herran'!E2+Urien!E2+'Alvaro lpz de Ocariz'!E2 -> 3 | F2: =Ismael!F2+'Alvaro dla Herran'!F2+Urien!F2+'Alvaro lpz de Ocariz'!F2 -> 2 | G2: =Ismael!G2+'Alvaro dla Herran'!G2+Urien!G2+'Alvaro lpz de Ocariz'!G2 -> 0 | H2: =Ismael!H2+'Alvaro dla Herran'!H2+Urien!H2+'Alvaro lpz de Ocariz'!H2 -> 2 | I2: =Ismael!I2+'Alvaro dla Herran'!I2+Urien!I2+'Alvaro lpz de Ocariz'!I2 -> 1 | ... R2: =Ismael!R2+'Alvaro dla Herran'!R2+Urien!R2+'Alvaro lpz de Ocariz'!R2 -> 0 | S2: =SUM(B2:R2) -> 14
A3: =Gantt!A4 -> T2 | B3: =Ismael!B3+'Alvaro dla Herran'!B3+Urien!B3+'Alvaro lpz de Ocariz'!B3 -> 0 | C3: =Ismael!C3+'Alvaro dla Herran'!C3+Urien!C3+'Alvaro lpz de Ocariz'!C3 -> 0 | D3: =Ismael!D3+'Alvaro dla Herran'!D3+Urien!D3+'Alvaro lpz de Ocariz'!D3 -> 1 | E3: =Ismael!E3+'Alvaro dla Herran'!E3+Urien!E3+'Alvaro lpz de Ocariz'!E3 -> 0 | F3: =Ismael!F3+'Alvaro dla Herran'!F3+Urien!F3+'Alvaro lpz de Ocariz'!F3 -> 0 | G3: =Ismael!G3+'Alvaro dla Herran'!G3+Urien!G3+'Alvaro lpz de Ocariz'!G3 -> 1 | H3: =Ismael!H3+'Alvaro dla Herran'!H3+Urien!H3+'Alvaro lpz de Ocariz'!H3 -> 0 | I3: =Ismael!I3+'Alvaro dla Herran'!I3+Urien!I3+'Alvaro lpz de Ocariz'!I3 -> 0 | ... R3: =Ismael!R3+'Alvaro dla Herran'!R3+Urien!R3+'Alvaro lpz de Ocariz'!R3 -> 0 | S3: =SUM(B3:R3) -> 2
A4: =Gantt!A5 -> T3 | B4: =Ismael!B4+'Alvaro dla Herran'!B4+Urien!B4+'Alvaro lpz de Ocariz'!B4 -> 0 | C4: =Ismael!C4+'Alvaro dla Herran'!C4+Urien!C4+'Alvaro lpz de Ocariz'!C4 -> 0 | D4: 0 | E4: =Ismael!E4+'Alvaro dla Herran'!E4+Urien!E4+'Alvaro lpz de Ocariz'!E4 -> 1 | F4: =Ismael!F4+'Alvaro dla Herran'!F4+Urien!F4+'Alvaro lpz de Ocariz'!F4 -> 2 | G4: =Ismael!G4+'Alvaro dla Herran'!G4+Urien!G4+'Alvaro lpz de Ocariz'!G4 -> 0 | H4: =Ismael!H4+'Alvaro dla Herran'!H4+Urien!H4+'Alvaro lpz de Ocariz'!H4 -> 0 | I4: =Ismael!I4+'Alvaro dla Herran'!I4+Urien!I4+'Alvaro lpz de Ocariz'!I4 -> 0 | J4: =Ismael!J4+'Alvaro dla Herran'!J4+Urien!J4+'Alvaro lpz de Ocariz'!J4 -> 0 | K4: =Ismael!K4+'Alvaro dla Herran'!K4+Urien!K4+'Alvaro lpz de Ocariz'!K4 -> 0 | L4: =Ismael!L4+'Alvaro dla Herran'!L4+Urien!L4+'Alvaro lpz de Ocariz'!L4 -> 0 | ... R4: =Ismael!R4+'Alvaro dla Herran'!R4+Urien!R4+'Alvaro lpz de Ocariz'!R4 -> 0 | S4: =SUM(B4:R4) -> 3
A5: =Gantt!A6 -> T4 | B5: =Ismael!B5+'Alvaro dla Herran'!B5+Urien!B5+'Alvaro lpz de Ocariz'!B5 -> 0 | C5: =Ismael!C5+'Alvaro dla Herran'!C5+Urien!C5+'Alvaro lpz de Ocariz'!C5 -> 0 | D5: =Ismael!D5+'Alvaro dla Herran'!D5+Urien!D5+'Alvaro lpz de Ocariz'!D5 -> 0 | E5: =Ismael!E5+'Alvaro dla Herran'!E5+Urien!E5+'Alvaro lpz de Ocariz'!E5 -> 0 | F5: =Ismael!F5+'Alvaro dla Herran'!F5+Urien!F5+'Alvaro lpz de Ocariz'!F5 -> 0 | G5: =Ismael!G5+'Alvaro dla Herran'!G5+Urien!G5+'Alvaro lpz de Ocariz'!G5 -> 2 | H5: =Ismael!H5+'Alvaro dla Herran'!H5+Urien!H5+'Alvaro lpz de Ocariz'!H5 -> 2 | I5: =Ismael!I5+'Alvaro dla Herran'!I5+Urien!I5+'Alvaro lpz de Ocariz'!I5 -> 0 | ... R5: =Ismael!R5+'Alvaro dla Herran'!R5+Urien!R5+'Alvaro lpz de Ocariz'!R5 -> 0 | S5: =SUM(B5:R5) -> 4
A6: =Gantt!A7 -> T5 | B6: =Ismael!B6+'Alvaro dla Herran'!B6+Urien!B6+'Alvaro lpz de Ocariz'!B6 -> 0 | C6: =Ismael!C6+'Alvaro dla Herran'!C6+Urien!C6+'Alvaro lpz de Ocariz'!C6 -> 0 | D6: =Ismael!D6+'Alvaro dla Herran'!D6+Urien!D6+'Alvaro lpz de Ocariz'!D6 -> 0 | E6: =Ismael!E6+'Alvaro dla Herran'!E6+Urien!E6+'Alvaro lpz de Ocariz'!E6 -> 0 | F6: =Ismael!F6+'Alvaro dla Herran'!F6+Urien!F6+'Alvaro lpz de Ocariz'!F6 -> 1 | G6: =Ismael!G6+'Alvaro dla Herran'!G6+Urien!G6+'Alvaro lpz de Ocariz'!G6 -> 5 | H6: 0 | I6: =Ismael!I6+'Alvaro dla Herran'!I6+Urien!I6+'Alvaro lpz de Ocariz'!I6 -> 0 | J6: =Ismael!J6+'Alvaro dla Herran'!J6+Urien!J6+'Alvaro lpz de Ocariz'!J6 -> 0 | K6: =Ismael!K6+'Alvaro dla Herran'!K6+Urien!K6+'Alvaro lpz de Ocariz'!K6 -> 0 | L6: =Ismael!L6+'Alvaro dla Herran'!L6+Urien!L6+'Alvaro lpz de Ocariz'!L7 -> 0 | M6: =Ismael!M6+'Alvaro dla Herran'!M6+Urien!M6+'Alvaro lpz de Ocariz'!M6 -> 0 | N6: =Ismael!N6+'Alvaro dla Herran'!N6+Urien!N6+'Alvaro lpz de Ocariz'!N6 -> 0 | O6: =Ismael!O6+'Alvaro dla Herran'!O6+Urien!O6+'Alvaro lpz de Ocariz'!O6 -> 0 | P6: =Ismael!P6+'Alvaro dla Herran'!P6+Urien!P6+'Alvaro lpz de Ocariz'!P6 -> 0 | Q6: =Ismael!Q6+'Alvaro dla Herran'!Q6+Urien!Q6+'Alvaro lpz de Ocariz'!Q6 -> 0 | R6: =Ismael!R6+'Alvaro dla Herran'!R6+Urien!R6+'Alvaro lpz de Ocariz'!R6 -> 0 | S6: =SUM(B6:R6) -> 6
A7: =Gantt!A8 -> T6 | B7: 0 | C7: =Ismael!C7+'Alvaro dla Herran'!C7+Urien!C7+'Alvaro lpz de Ocariz'!C7 -> 0 | D7: =Ismael!D7+'Alvaro dla Herran'!D7+Urien!D7+'Alvaro lpz de Ocariz'!D7 -> 1 | E7: =Ismael!E7+'Alvaro dla Herran'!E7+Urien!E7+'Alvaro lpz de Ocariz'!E7 -> 1 | F7: =Ismael!F7+'Alvaro dla Herran'!F7+Urien!F7+'Alvaro lpz de Ocariz'!F7 -> 2 | G7: =Ismael!G7+'Alvaro dla Herran'!G7+Urien!G7+'Alvaro lpz de Ocariz'!G7 -> 1 | H7: =Ismael!H7+'Alvaro dla Herran'!H7+Urien!H7+'Alvaro lpz de Ocariz'!H7 -> 1 | I7: =Ismael!I7+'Alvaro dla Herran'!I7+Urien!I7+'Alvaro lpz de Ocariz'!I7 -> 0 | J7: =Ismael!J7+'Alvaro dla Herran'!J7+Urien!J7+'Alvaro lpz de Ocariz'!J7 -> 0 | K7: =Ismael!K7+'Alvaro dla Herran'!K7+Urien!K7+'Alvaro lpz de Ocariz'!K7 -> 0 | L7: 0 | M7: =Ismael!M7+'Alvaro dla Herran'!M7+Urien!M7+'Alvaro lpz de Ocariz'!M7 -> 0 | N7: =Ismael!N7+'Alvaro dla Herran'!N7+Urien!N7+'Alvaro lpz de Ocariz'!N7 -> 0 | O7: =Ismael!O7+'Alvaro dla Herran'!O7+Urien!O7+'Alvaro lpz de Ocariz'!O7 -> 0 | P7: =Ismael!P7+'Alvaro dla Herran'!P7+Urien!P7+'Alvaro lpz de Ocariz'!P7 -> 0 | Q7: =Ismael!Q7+'Alvaro dla Herran'!Q7+Urien!Q7+'Alvaro lpz de Ocariz'!Q7 -> 0 | R7: =Ismael!R7+'Alvaro dla Herran'!R7+Urien!R7+'Alvaro lpz de Ocariz'!R7 -> 0 | S7: =SUM(B7:R7) -> 6
A8: =Gantt!A9 -> T7 | B8: =Ismael!B8+'Alvaro dla Herran'!B8+Urien!B8+'Alvaro lpz de Ocariz'!B8 -> 0 | C8: =Ismael!C8+'Alvaro dla Herran'!C8+Urien!C8+'Alvaro lpz de Ocariz'!C8 -> 0 | D8: =Ismael!D8+'Alvaro dla Herran'!D8+Urien!D8+'Alvaro lpz de Ocariz'!D8 -> 0 | E8: =Ismael!E8+'Alvaro dla Herran'!E8+Urien!E8+'Alvaro lpz de Ocariz'!E8 -> 0 | F8: =Ismael!F8+'Alvaro dla Herran'!F8+Urien!F8+'Alvaro lpz de Ocariz'!F8 -> 0 | G8: =Ismael!G8+'Alvaro dla Herran'!G8+Urien!G8+'Alvaro lpz de Ocariz'!G8 -> 0 | H8: =Ismael!H8+'Alvaro dla Herran'!H8+Urien!H8+'Alvaro lpz de Ocariz'!H8 -> 0 | I8: =Ismael!I8+'Alvaro dla Herran'!I8+Urien!I8+'Alvaro lpz de Ocariz'!I8 -> 0 | ... R8: =Ismael!R8+'Alvaro dla Herran'!R8+Urien!R8+'Alvaro lpz de Ocariz'!R8 -> 0 | S8: =SUM(B8:R8) -> 0
A9: =Gantt!A10 -> T8 | B9: =Ismael!B9+'Alvaro dla Herran'!B9+Urien!B9+'Alvaro lpz de Ocariz'!B9 -> 0 | C9: =Ismael!C9+'Alvaro dla Herran'!C9+Urien!C9+'Alvaro lpz de Ocariz'!C9 -> 0 | D9: =Ismael!D9+'Alvaro dla Herran'!D9+Urien!D9+'Alvaro lpz de Ocariz'!D9 -> 0 | E9: =Ismael!E9+'Alvaro dla Herran'!E9+Urien!E9+'Alvaro lpz de Ocariz'!E9 -> 0 | F9: =Ismael!F9+'Alvaro dla Herran'!F9+Urien!F9+'Alvaro lpz de Ocariz'!F9 -> 0 | G9: =Ismael!G9+'Alvaro dla Herran'!G9+Urien!G9+'Alvaro lpz de Ocariz'!G9 -> 0 | H9: =Ismael!H9+'Alvaro dla Herran'!H9+Urien!H9+'Alvaro lpz de Ocariz'!H9 -> 0 | I9: =Ismael!I9+'Alvaro dla Herran'!I9+Urien!I9+'Alvaro lpz de Ocariz'!I9 -> 0 | ... R9: =Ismael!R9+'Alvaro dla Herran'!R9+Urien!R9+'Alvaro lpz de Ocariz'!R9 -> 0 | S9: =SUM(B9:R9) -> 4
A10: =Gantt!A11 -> T9 | B10: =Ismael!B10+'Alvaro dla Herran'!B11+Urien!B10+'Alvaro lpz de Ocariz'!B11 -> 0 | C10: =Ismael!C11+'Alvaro dla Herran'!C11+Urien!C10+'Alvaro lpz de Ocariz'!C11 -> 0 | D10: =Ismael!D11+'Alvaro dla Herran'!D11+Urien!D10+'Alvaro lpz de Ocariz'!D11 -> 0 | E10: =Ismael!E11+'Alvaro dla Herran'!E11+Urien!E10+'Alvaro lpz de Ocariz'!E11 -> 0 | F10: =Ismael!F11+'Alvaro dla Herran'!F11+Urien!F10+'Alvaro lpz de Ocariz'!F11 -> 0 | G10: =Ismael!G11+'Alvaro dla Herran'!G11+Urien!G10+'Alvaro lpz de Ocariz'!G11 -> 0 | H10: =Ismael!H11+'Alvaro dla Herran'!H11+Urien!H10+'Alvaro lpz de Ocariz'!H11 -> 0 | I10: =Ismael!I11+'Alvaro dla Herran'!I11+Urien!I10+'Alvaro lpz de Ocariz'!I11 -> 0 | J10: =Ismael!J11+'Alvaro dla Herran'!J11+Urien!J10+'Alvaro lpz de Ocariz'!J11 -> 0 | ... R10: =Ismael!R11+'Alvaro dla Herran'!R11+Urien!R10+'Alvaro lpz de Ocariz'!R11 -> 0 | S10: =SUM(B10:R10) -> 3
A11: =Gantt!A12 -> T10 | B11: =Ismael!B11+'Alvaro dla Herran'!B11+Urien!B11+'Alvaro lpz de Ocariz'!B12 -> 0 | C11: =Ismael!C11+'Alvaro dla Herran'!C11+Urien!C10+'Alvaro lpz de Ocariz'!C11 -> 0 | D11: =Ismael!D11+'Alvaro dla Herran'!D11+Urien!D10+'Alvaro lpz de Ocariz'!D11 -> 0 | E11: =Ismael!E11+'Alvaro dla Herran'!E11+Urien!E10+'Alvaro lpz de Ocariz'!E11 -> 0 | F11: =Ismael!F11+'Alvaro dla Herran'!F11+Urien!F10+'Alvaro lpz de Ocariz'!F11 -> 0 | G11: =Ismael!G11+'Alvaro dla Herran'!G11+Urien!G10+'Alvaro lpz de Ocariz'!G11 -> 0 | H11: =Ismael!H11+'Alvaro dla Herran'!H11+Urien!H10+'Alvaro lpz de Ocariz'!H11 -> 0 | I11: =Ismael!I11+'Alvaro dla Herran'!I11+Urien!I10+'Alvaro lpz de Ocariz'!I11 -> 0 | J11: =Ismael!J11+'Alvaro dla Herran'!J11+Urien!J10+'Alvaro lpz de Ocariz'!J11 -> 0 | ... R11: =Ismael!R11+'Alvaro dla Herran'!R11+Urien!R10+'Alvaro lpz de Ocariz'!R11 -> 0 | S11: =SUM(B11:R11) -> 3
A12: =Gantt!A13 -> T11 | B12: =Ismael!B12+'Alvaro dla Herran'!B12+Urien!B12+'Alvaro lpz de Ocariz'!B12 -> 0 | C12: =Ismael!C12+'Alvaro dla Herran'!C12+Urien!C12+'Alvaro lpz de Ocariz'!C12 -> 0 | D12: =Ismael!D12+'Alvaro dla Herran'!D12+Urien!D12+'Alvaro lpz de Ocariz'!D12 -> 0 | E12: =Ismael!E12+'Alvaro dla Herran'!E12+Urien!E12+'Alvaro lpz de Ocariz'!E12 -> 0 | F12: =Ismael!F12+'Alvaro dla Herran'!F12+Urien!F12+'Alvaro lpz de Ocariz'!F12 -> 0 | G12: =Ismael!G12+'Alvaro dla Herran'!G12+Urien!G12+'Alvaro lpz de Ocariz'!G12 -> 0 | H12: =Ismael!H12+'Alvaro dla Herran'!H12+Urien!H12+'Alvaro lpz de Ocariz'!H12 -> 2 | I12: =Ismael!I12+'Alvaro dla Herran'!I12+Urien!I12+'Alvaro lpz de Ocariz'!I12 -> 0 | ... N12: =Ismael!N12+'Alvaro dla Herran'!N12+Urien!N12+'Alvaro lpz de Ocariz'!N12 -> 0 | O12: =Ismael!O12+'Alvaro dla Herran'!O12+Urien!O12+VO12 -> 0 | P12: =Ismael!P12+'Alvaro dla Herran'!P12+Urien!P12+'Alvaro lpz de Ocariz'!P12 -> 0 | Q12: =Ismael!Q12+'Alvaro dla Herran'!Q12+Urien!Q12+'Alvaro lpz de Ocariz'!Q12 -> 0 | R12: =Ismael!R12+'Alvaro dla Herran'!R12+Urien!R12+'Alvaro lpz de Ocariz'!R12 -> 0 | S12: =SUM(B12:R12) -> 3
A13: =Gantt!A14 -> T12 | B13: =Ismael!B13+'Alvaro dla Herran'!B13+Urien!B13+'Alvaro lpz de Ocariz'!B13 -> 0 | C13: =Ismael!C13+'Alvaro dla Herran'!C13+Urien!C13+'Alvaro lpz de Ocariz'!C13 -> 0 | D13: =Ismael!D13+'Alvaro dla Herran'!D13+Urien!D13+'Alvaro lpz de Ocariz'!D13 -> 0 | E13: =Ismael!E13+'Alvaro dla Herran'!E13+Urien!E13+'Alvaro lpz de Ocariz'!E13 -> 0 | F13: =Ismael!F13+'Alvaro dla Herran'!F13+Urien!F13+'Alvaro lpz de Ocariz'!F13 -> 0 | G13: =Ismael!G13+'Alvaro dla Herran'!G13+Urien!G13+'Alvaro lpz de Ocariz'!G13 -> 0 | H13: =Ismael!H13+'Alvaro dla Herran'!H13+Urien!H13+'Alvaro lpz de Ocariz'!H13 -> 0 | I13: =Ismael!I13+'Alvaro dla Herran'!I13+Urien!I13+'Alvaro lpz de Ocariz'!I13 -> 4 | ... R13: =Ismael!R13+'Alvaro dla Herran'!R13+Urien!R13+'Alvaro lpz de Ocariz'!R13 -> 0 | S13: =SUM(B13:R13) -> 22
A14: T13 | B14: =Ismael!B14+'Alvaro dla Herran'!B14+Urien!B14+'Alvaro lpz de Ocariz'!B14 -> 0 | C14: =Ismael!C14+'Alvaro dla Herran'!C14+Urien!C14+'Alvaro lpz de Ocariz'!C14 -> 0 | D14: =Ismael!D14+'Alvaro dla Herran'!D14+Urien!D14+'Alvaro lpz de Ocariz'!D14 -> 0 | E14: =Ismael!E14+'Alvaro dla Herran'!E14+Urien!E14+'Alvaro lpz de Ocariz'!E14 -> 0 | F14: =Ismael!F14+'Alvaro dla Herran'!F14+Urien!F14+'Alvaro lpz de Ocariz'!F14 -> 0 | G14: =Ismael!G14+'Alvaro dla Herran'!G14+Urien!G14+'Alvaro lpz de Ocariz'!G14 -> 0 | H14: =Ismael!H14+'Alvaro dla Herran'!H14+Urien!H14+'Alvaro lpz de Ocariz'!H14 -> 0 | I14: =Ismael!I14+'Alvaro dla Herran'!I14+Urien!I14+'Alvaro lpz de Ocariz'!I14 -> 0 | ... M14: =Ismael!M14+'Alvaro dla Herran'!M14+Urien!M14+'Alvaro lpz de Ocariz'!M14 -> 0 | N14: =Ismael!B14+'Alvaro dla Herran'!B14+Urien!B14+'Alvaro lpz de Ocariz'!B14 -> 0 | O14: =Ismael!O14+'Alvaro dla Herran'!O14+Urien!O14+'Alvaro lpz de Ocariz'!O14 -> 0 | P14: =Ismael!P14+'Alvaro dla Herran'!P14+Urien!P14+'Alvaro lpz de Ocariz'!P14 -> 3 | Q14: =Ismael!Q14+'Alvaro dla Herran'!Q14+Urien!Q14+'Alvaro lpz de Ocariz'!Q14 -> 0 | R14: =Ismael!Q14+'Alvaro dla Herran'!Q14+Urien!Q14+'Alvaro lpz de Ocariz'!Q14 -> 0 | S14: =SUM(B14:R14) -> 5
A15: =Gantt!A16 -> T14 | B15: =Ismael!B15+'Alvaro dla Herran'!B14+Urien!B14+'Alvaro lpz de Ocariz'!B15 -> 0 | C15: =Ismael!C15+'Alvaro dla Herran'!C14+Urien!C14+'Alvaro lpz de Ocariz'!C15 -> 0 | D15: =Ismael!D15+'Alvaro dla Herran'!D14+Urien!D14+'Alvaro lpz de Ocariz'!D15 -> 0 | E15: =Ismael!E15+'Alvaro dla Herran'!E14+Urien!E14+'Alvaro lpz de Ocariz'!E15 -> 0 | F15: =Ismael!F15+'Alvaro dla Herran'!F14+Urien!F14+'Alvaro lpz de Ocariz'!F15 -> 0 | G15: =Ismael!G15+'Alvaro dla Herran'!G14+Urien!G14+'Alvaro lpz de Ocariz'!G15 -> 0 | H15: =Ismael!H15+'Alvaro dla Herran'!H14+Urien!H14+'Alvaro lpz de Ocariz'!H15 -> 0 | I15: =Ismael!I15+'Alvaro dla Herran'!I14+Urien!I14+'Alvaro lpz de Ocariz'!I15 -> 0 | ... R15: =Ismael!R15+'Alvaro dla Herran'!R14+Urien!R14+'Alvaro lpz de Ocariz'!R15 -> 0 | S15: =SUM(B15:R15) -> 9
A16: T15 | B16: =Ismael!B16+'Alvaro dla Herran'!B16+Urien!B16+'Alvaro lpz de Ocariz'!B16 -> 0 | C16: =Ismael!C16+'Alvaro dla Herran'!C16+Urien!C16+'Alvaro lpz de Ocariz'!C16 -> 0 | D16: =Ismael!D16+'Alvaro dla Herran'!D16+Urien!D16+'Alvaro lpz de Ocariz'!D16 -> 0 | E16: =Ismael!E16+'Alvaro dla Herran'!E16+Urien!E16+'Alvaro lpz de Ocariz'!E16 -> 0 | F16: =Ismael!F16+'Alvaro dla Herran'!F16+Urien!F16+'Alvaro lpz de Ocariz'!F16 -> 0 | G16: =Ismael!G16+'Alvaro dla Herran'!G16+Urien!G16+'Alvaro lpz de Ocariz'!G16 -> 0 | H16: =Ismael!H16+'Alvaro dla Herran'!H16+Urien!H16+'Alvaro lpz de Ocariz'!H16 -> 0 | I16: =Ismael!I16+'Alvaro dla Herran'!I16+Urien!I16+'Alvaro lpz de Ocariz'!I16 -> 0 | ... N16: =Ismael!N16+'Alvaro dla Herran'!N16+Urien!N16+'Alvaro lpz de Ocariz'!N16 -> 0 | O16: =Ismael!C16+'Alvaro dla Herran'!C16+Urien!C16+'Alvaro lpz de Ocariz'!C16 -> 0 | P16: =Ismael!P16+'Alvaro dla Herran'!P16+Urien!P16+'Alvaro lpz de Ocariz'!P16 -> 1 | Q16: =Ismael!Q16+'Alvaro dla Herran'!Q16+Urien!Q16+'Alvaro lpz de Ocariz'!Q16 -> 1 | R16: =Ismael!R16+'Alvaro dla Herran'!R16+Urien!R16+'Alvaro lpz de Ocariz'!R16 -> 0 | S16: =SUM(B16:R16) -> 2
A17: T16 | B17: =Ismael!B17+'Alvaro dla Herran'!B17+Urien!B17+'Alvaro lpz de Ocariz'!B17 -> 0 | C17: =Ismael!C17+'Alvaro dla Herran'!C17+Urien!C17+'Alvaro lpz de Ocariz'!C17 -> 0 | D17: =Ismael!D17+'Alvaro dla Herran'!D17+Urien!D17+'Alvaro lpz de Ocariz'!D17 -> 0 | E17: =Ismael!E17+'Alvaro dla Herran'!E17+Urien!E17+'Alvaro lpz de Ocariz'!E17 -> 0 | F17: =Ismael!F17+'Alvaro dla Herran'!F17+Urien!F17+'Alvaro lpz de Ocariz'!F17 -> 0 | G17: =Ismael!G17+'Alvaro dla Herran'!G17+Urien!G17+'Alvaro lpz de Ocariz'!G17 -> 0 | H17: =Ismael!H17+'Alvaro dla Herran'!H17+Urien!H17+'Alvaro lpz de Ocariz'!H17 -> 0 | I17: =Ismael!I17+'Alvaro dla Herran'!I17+Urien!I17+'Alvaro lpz de Ocariz'!I17 -> 0 | ... R17: =Ismael!R17+'Alvaro dla Herran'!R17+Urien!R17+'Alvaro lpz de Ocariz'!R17 -> 0 | S17: =SUM(B17:R17) -> 2
A18: Total | B18: =SUM(B2:B17) -> 0 | C18: =SUM(C2:C17) -> 1 | D18: =SUM(D2:D17) -> 5 | E18: =SUM(E2:E17) -> 5 | F18: =SUM(F2:F17) -> 7 | G18: =SUM(G2:G17) -> 9 | H18: =SUM(H2:H17) -> 7 | I18: =SUM(I2:I17) -> 5 | ... R18: =SUM(R2:R17) -> 0 | S18: =SUM(B18:R18) -> 88

Sheet Ismael
A1: TAREA | B1: =Gantt!C2 -> 45933 | C1: =B1+7 -> 45940 | D1: =C1+7 -> 45947 | E1: =D1+7 -> 45954 | F1: =E1+7 -> 45961 | G1: =F1+7 -> 45968 | H1: =G1+7 -> 45975 | I1: =H1+7 -> 45982 | J1: =I1+7 -> 45989 | ... R1: =Q1+7 -> 46045 | S1: TOTAL
A2: =Gantt!A3 -> T1 | E2: 1 | I2: 1 | J2: 2 | S2: =SUM(B2:R2) -> 4
A3: =Gantt!A4 -> T2 | S3: =SUM(B3:R3) -> 0
A4: =Gantt!A5 -> T3 | D4: 2 | F4: 1 | S4: =SUM(B4:R4) -> 3
A5: =Gantt!A6 -> T4 | S5: =SUM(B5:R5) -> 0
A6: =Gantt!A7 -> T5 | F6: 1 | G6: 3 | S6: =SUM(B6:R6) -> 4
A7: =Gantt!A8 -> T6 | S7: =SUM(B7:R7) -> 0
A8: =Gantt!A9 -> T7 | S8: =SUM(B8:R8) -> 0
A9: =Gantt!A10 -> T8 | S9: =SUM(B9:R9) -> 0
A10: =Gantt!A11 -> T9 | S10: =SUM(B10:R10) -> 0
A11: =Gantt!A12 -> T10 | S11: =SUM(B11:R11) -> 0
A12: T11 | S12: =SUM(B12:R12) -> 0
A13: T12 | S13: =SUM(B13:R13) -> 0
A14: T13 | P14: 2 | S14: =SUM(B14:R14) -> 2
A15: =Gantt!A16 -> T14 | K15: 3 | P15: 2 | S15: =SUM(B15:R15) -> 5
A16: =Gantt!A17 -> T15 | O16: 1 | S16: =SUM(B16:R16) -> 1
A17: =Gantt!A18 -> T16 | S17: =SUM(B17:R17) -> 0
A18: TOTAL | B18: =SUM(B2:B17) -> 0 | C18: =SUM(C2:C17) -> 0 | D18: =SUM(D2:D17) -> 2 | E18: =SUM(E2:E17) -> 1 | F18: =SUM(F2:F17) -> 2 | G18: =SUM(G2:G17) -> 3 | H18: =SUM(H2:H17) -> 0 | I18: =SUM(I2:I17) -> 1 | ... S18: =SUM(S2:S17) -> 19

Sheet Alvaro dla Herran
A1: TAREA | B1: =Gantt!C2 -> 45933 | C1: =B1+7 -> 45940 | D1: =C1+7 -> 45947 | E1: =D1+7 -> 45954 | F1: =E1+7 -> 45961 | G1: =F1+7 -> 45968 | H1: =G1+7 -> 45975 | I1: =H1+7 -> 45982 | J1: =I1+7 -> 45989 | ... R1: =Q1+7 -> 46045 | S1: TOTAL
A2: =Gantt!A3 -> T1 | C2: 1 | D2: 1 | F2: 2 | H2: 1 | S2: =SUM(B2:R2) -> 5
A3: =Gantt!A4 -> T2 | D3: 1 | G3: 1 | S3: =SUM(B3:R3) -> 2
A4: =Gantt!A5 -> T3 | S4: =SUM(B4:R4) -> 0
A5: =Gantt!A6 -> T4 | S5: =SUM(B5:R5) -> 0
A6: =Gantt!A7 -> T5 | S6: =SUM(B6:R6) -> 0
A7: =Gantt!A8 -> T6 | G7: 1 | H7: 1 | S7: =SUM(B7:R7) -> 2
A8: =Gantt!A9 -> T7 | S8: =SUM(B8:R8) -> 0
A9: =Gantt!A10 -> T8 | S9: =SUM(B9:R9) -> 0
A10: =Gantt!A11 -> T9 | S10: =SUM(B10:R10) -> 0
A11: =Gantt!A12 -> T10 | S11: =SUM(B11:R11) -> 0
A12: T11 | H12: 2 | J12: 1 | S12: =SUM(B12:R12) -> 3
A13: T12 | I13: 1 | J13: 2 | K13: 2 | S13: =SUM(B13:R13) -> 5
A14: T13 | K14: 2 | P14: 1 | S14: =SUM(B14:R14) -> 3
A15: T14 | N15: 1 | P15: 1 | S15: =SUM(B15:R15) -> 2
A16: =Gantt!A17 -> T15 | Q16: 1 | S16: =SUM(B16:R16) -> 1
A17: =Gantt!A18 -> T16 | Q17: 1 | S17: =SUM(B17:R17) -> 1
A18: TOTAL | B18: =SUM(B2:B17) -> 0 | C18: =SUM(C2:C17) -> 1 | D18: =SUM(D2:D17) -> 2 | E18: =SUM(E2:E17) -> 0 | F18: =SUM(F2:F17) -> 2 | G18: =SUM(G2:G17) -> 2 | H18: =SUM(H2:H17) -> 4 | I18: =SUM(I2:I17) -> 1 | ... R18: =SUM(R2:R17) -> 0 | S18: =SUM(S2:S13) -> 17

Sheet Urien
A1: TAREA | B1: =Gantt!C2 -> 45933 | C1: =B1+7 -> 45940 | D1: =C1+7 -> 45947 | E1: =D1+7 -> 45954 | F1: =E1+7 -> 45961 | G1: =F1+7 -> 45968 | H1: =G1+7 -> 45975 | I1: =H1+7 -> 45982 | J1: =I1+7 -> 45989 | ... R1: =Q1+7 -> 46045 | S1: TOTAL
A2: =Gantt!A3 -> T1 | S2: =SUM(B2:R2) -> 0
A3: =Gantt!A4 -> T2 | S3: =SUM(B3:R3) -> 0
A4: =Gantt!A5 -> T3 | S4: =SUM(B4:R4) -> 0
A5: =Gantt!A6 -> T4 | S5: =SUM(B5:R5) -> 0
A6: =Gantt!A7 -> T5 | G6: 2 | H6: 4 | S6: =SUM(B6:R6) -> 6
A7: =Gantt!A8 -> T6 | D7: 1 | E7: 1 | F7: 2 | S7: =SUM(B7:R7) -> 4
A8: =Gantt!A9 -> T7 | S8: =SUM(B8:R8) -> 0
A9: =Gantt!A10 -> T8 | S9: =SUM(B9:R9) -> 0
A10: =Gantt!A11 -> T9 | S10: =SUM(B10:R10) -> 0
A11: =Gantt!A12 -> T10 | S11: =SUM(B11:R11) -> 0
A12: T11 | S12: =SUM(B12:R12) -> 0
A13: T12 | I13: 3 | J13: 3 | K13: 4 | L13: 3 | S13: =SUM(B13:R13) -> 13
A14: T13 | S14: =SUM(B14:R14) -> 0
A15: T14 | N15: 1 | P15: 1 | S15: =SUM(B15:R15) -> 2
A16: =Gantt!A17 -> T15 | S16: =SUM(B16:R16) -> 0
A17: =Gantt!A18 -> T16 | S17: =SUM(B17:R17) -> 0
A18: TOTAL | B18: =SUM(B2:B17) -> 0 | C18: =SUM(C2:C17) -> 0 | D18: =SUM(D2:D17) -> 1 | E18: =SUM(E2:E17) -> 1 | F18: =SUM(F2:F17) -> 2 | G18: =SUM(G2:G17) -> 2 | H18: =SUM(H2:H17) -> 4 | I18: =SUM(I2:I17) -> 3 | ... R18: =SUM(R2:R17) -> 0 | S18: =SUM(B18:R18) -> 25

Sheet Alvaro lpz de Ocariz
A1: TAREA | B1: =Gantt!C2 -> 45933 | C1: =B1+7 -> 45940 | D1: =C1+7 -> 45947 | E1: =D1+7 -> 45954 | F1: =E1+7 -> 45961 | G1: =F1+7 -> 45968 | H1: =G1+7 -> 45975 | I1: =H1+7 -> 45982 | J1: =I1+7 -> 45989 | ... R1: =Q1+7 -> 46045 | S1: TOTAL
A2: =Gantt!A3 -> T1 | D2: 2 | E2: 2 | H2: 1 | S2: =SUM(B2:R2) -> 5
A3: =Gantt!A4 -> T2 | S3: =SUM(B3:R3) -> 0
A4: =Gantt!A5 -> T3 | E4: 1 | F4: 1 | S4: =SUM(B4:R4) -> 2
A5: =Gantt!A6 -> T4 | G5: 2 | H5: 2 | S5: =SUM(B5:R5) -> 4
A6: =Gantt!A7 -> T5 | S6: =SUM(B6:R6) -> 0
A7: =Gantt!A8 -> T6 | S7: =SUM(B7:R7) -> 0
A8: =Gantt!A9 -> T7 | S8: =SUM(B8:R8) -> 0
A9: =Gantt!A10 -> T8 | J9: 2 | K9: 2 | S9: =SUM(B9:R9) -> 4
A10: =Gantt!A11 -> T9 | S10: =SUM(B10:R10) -> 0
A11: =Gantt!A12 -> T10 | K11: 2 | L11: 1 | S11: =SUM(B11:R11) -> 3
A12: =Gantt!A13 -> T11 | S12: =SUM(B12:R12) -> 0
A13: =Gantt!A14 -> T12 | K13: 2 | L13: 2 | S13: =SUM(B13:R13) -> 4
A14: T13 | S14: =SUM(B14:R14) -> 0
A15: =Gantt!A16 -> T14 | O15: 1 | S15: =SUM(B15:R15) -> 1
A16: =Gantt!A17 -> T15 | P16: 1 | S16: =SUM(B16:R16) -> 1
A17: =Gantt!A18 -> T16 | Q17: 1 | S17: =SUM(B17:R17) -> 1
A18: TOTAL | B18: =SUM(B2:B17) -> 0 | C18: =SUM(C2:C17) -> 0 | D18: =SUM(D2:D17) -> 2 | E18: =SUM(E2:E17) -> 3 | F18: =SUM(F2:F17) -> 1 | G18: =SUM(G2:G17) -> 2 | H18: =SUM(H2:H17) -> 3 | I18: =SUM(I2:I17) -> 0 | ... R18: =SUM(R2:R17) -> 0 | S18: =SUM(B18:R18) -> 25
